time,tag,tr,flag
2023-09-11 20:31:24.221828,ct,,
2023-09-11 20:31:25.075795,click,,
2023-09-11 20:31:24.999314,ct,0.853967,correct comission
2023-09-11 20:31:25.776751,ct,,omission error
2023-09-11 20:31:26.135932,click,,
2023-09-11 20:31:26.554755,mt,,comission error
2023-09-11 20:31:27.284832,click,,
2023-09-11 20:31:27.331830,ct,0.730077,correct comission
2023-09-11 20:31:28.110003,ct,,omission error
2023-09-11 20:31:28.882711,click,,
2023-09-11 20:31:28.887705,ct,0.772708,correct comission
2023-09-11 20:31:29.805984,click,,
2023-09-11 20:31:29.667266,ct,0.918279,correct comission
2023-09-11 20:31:30.388036,click,,
2023-09-11 20:31:30.443918,ct,0.72077,correct comission
2023-09-11 20:31:31.166140,click,,
2023-09-11 20:31:31.222059,ct,0.722222,correct comission
2023-09-11 20:31:31.998464,ct,,omission error
2023-09-11 20:31:32.791027,click,,
2023-09-11 20:31:32.774315,ct,0.792563,correct comission
2023-09-11 20:31:33.860461,click,,
2023-09-11 20:31:33.549734,ct,1.086146,correct comission
2023-09-11 20:31:34.390716,click,,
2023-09-11 20:31:34.326515,ct,0.840982,correct comission
2023-09-11 20:31:34.996218,click,,
2023-09-11 20:31:35.105537,mt,,comission error
2023-09-11 20:31:35.884334,ct,,omission error
2023-09-11 20:31:36.481126,click,,
2023-09-11 20:31:36.661373,ct,0.596792,correct comission
2023-09-11 20:31:37.350855,click,,
2023-09-11 20:31:37.440174,ct,0.689482,correct comission
2023-09-11 20:31:38.173566,click,,
2023-09-11 20:31:38.218828,ct,0.733392,correct comission
2023-09-11 20:31:39.057066,click,,
2023-09-11 20:31:38.997420,ct,0.838238,correct comission
2023-09-11 20:31:39.733827,click,,
2023-09-11 20:31:39.775777,ct,0.736407,correct comission
2023-09-11 20:31:40.614645,click,,
2023-09-11 20:31:40.554013,ct,0.838868,correct comission
2023-09-11 20:31:41.330482,click,,
2023-09-11 20:31:41.331659,mt,,comission error
2023-09-11 20:31:42.110223,ct,,omission error
2023-09-11 20:31:42.887864,click,,
2023-09-11 20:31:42.889142,ct,0.777641,correct comission
2023-09-11 20:31:43.665742,ct,,omission error
2023-09-11 20:31:44.012825,click,,
2023-09-11 20:31:44.443676,ct,0.347083,correct comission
2023-09-11 20:31:45.316684,click,,
2023-09-11 20:31:45.221078,ct,0.873008,correct comission
2023-09-11 20:31:46.014008,click,,
2023-09-11 20:31:45.998510,ct,0.79293,correct comission
2023-09-11 20:31:46.893516,click,,
2023-09-11 20:31:46.775255,ct,0.895006,correct comission
2023-09-11 20:31:47.582495,click,,
2023-09-11 20:31:47.553878,ct,0.80724,correct comission
2023-09-11 20:31:48.336158,click,,
2023-09-11 20:31:48.330140,ct,0.78228,correct comission
2023-09-11 20:31:49.116270,click,,
2023-09-11 20:31:49.108420,ct,0.78613,correct comission
2023-09-11 20:31:50.005809,click,,
2023-09-11 20:31:49.883656,ct,0.897389,correct comission
2023-09-11 20:31:50.735056,click,,
2023-09-11 20:31:50.660867,ct,0.8514,correct comission
2023-09-11 20:31:51.589244,click,,
2023-09-11 20:31:51.438015,ct,0.928377,correct comission
2023-09-11 20:31:52.366389,click,,
2023-09-11 20:31:52.215264,mt,,comission error
2023-09-11 20:31:52.994273,ct,,omission error
2023-09-11 20:31:53.774362,click,,
2023-09-11 20:31:53.771569,ct,0.780089,correct comission
2023-09-11 20:31:54.694522,click,,
2023-09-11 20:31:54.548971,ct,0.922953,correct comission
2023-09-11 20:31:55.452985,click,,
2023-09-11 20:31:55.325561,ct,0.904014,correct comission
2023-09-11 20:31:56.341281,click,,
2023-09-11 20:31:56.103282,ct,1.01572,correct comission
2023-09-11 20:31:57.196486,click,,
2023-09-11 20:31:56.882001,ct,1.093204,correct comission
2023-09-11 20:31:57.951867,click,,
2023-09-11 20:31:57.659809,ct,1.069866,correct comission
2023-09-11 20:31:58.619079,click,,
2023-09-11 20:31:58.437020,ct,0.95927,correct comission
2023-09-11 20:31:59.309566,click,,
2023-09-11 20:31:59.214320,ct,0.872546,correct comission
2023-09-11 20:31:59.945774,click,,
2023-09-11 20:31:59.990921,mt,,comission error
2023-09-11 20:32:00.769128,ct,,omission error
2023-09-11 20:32:01.505982,click,,
2023-09-11 20:32:01.549635,ct,0.736854,correct comission
2023-09-11 20:32:02.230372,click,,
2023-09-11 20:32:02.329213,ct,0.680737,correct comission
2023-09-11 20:32:03.030965,click,,
2023-09-11 20:32:03.107418,ct,0.701752,correct comission
2023-09-11 20:32:03.994016,click,,
2023-09-11 20:32:03.882288,ct,0.886598,correct comission
2023-09-11 20:32:04.638625,click,,
2023-09-11 20:32:04.658851,mt,,comission error
2023-09-11 20:32:05.435008,ct,,omission error
2023-09-11 20:32:06.081733,click,,
2023-09-11 20:32:06.210950,ct,0.646725,correct comission
2023-09-11 20:32:06.921406,click,,
2023-09-11 20:32:06.989129,ct,0.710456,correct comission
2023-09-11 20:32:07.856847,click,,
2023-09-11 20:32:07.766138,ct,0.867718,correct comission
2023-09-11 20:32:08.616022,click,,
2023-09-11 20:32:08.545147,ct,0.849884,correct comission
2023-09-11 20:32:09.256816,click,,
2023-09-11 20:32:09.323793,ct,0.711669,correct comission
2023-09-11 20:32:09.980216,click,,
2023-09-11 20:32:10.101024,ct,0.656423,correct comission
2023-09-11 20:32:10.757845,click,,
2023-09-11 20:32:10.878664,ct,0.656821,correct comission
2023-09-11 20:32:11.769886,click,,
2023-09-11 20:32:11.654379,ct,0.891222,correct comission
2023-09-11 20:32:12.358477,click,,
2023-09-11 20:32:12.431410,ct,0.704098,correct comission
2023-09-11 20:32:12.974939,click,,
2023-09-11 20:32:13.210122,ct,0.543529,correct comission
2023-09-11 20:32:13.939810,click,,
2023-09-11 20:32:13.985421,mt,,comission error
2023-09-11 20:32:14.753653,click,,
2023-09-11 20:32:14.761084,ct,0.768232,correct comission
2023-09-11 20:32:15.451268,click,,
2023-09-11 20:32:15.536672,ct,0.690184,correct comission
2023-09-11 20:32:16.408900,click,,
2023-09-11 20:32:16.313105,ct,0.872228,correct comission
2023-09-11 20:32:17.333650,click,,
2023-09-11 20:32:17.090323,ct,1.020545,correct comission
2023-09-11 20:32:17.925584,click,,
2023-09-11 20:32:17.868171,ct,0.835261,correct comission
2023-09-11 20:32:18.645729,ct,,omission error
2023-09-11 20:32:19.438471,click,,
2023-09-11 20:32:19.422228,ct,0.792742,correct comission
2023-09-11 20:32:20.454023,click,,
2023-09-11 20:32:20.200600,mt,,comission error
2023-09-11 20:32:20.977098,ct,,omission error
2023-09-11 20:32:21.830199,click,,
2023-09-11 20:32:21.756147,ct,0.853101,correct comission
2023-09-11 20:32:22.565591,click,,
2023-09-11 20:32:22.533579,ct,0.809444,correct comission
2023-09-11 20:32:23.448709,click,,
2023-09-11 20:32:23.312588,ct,0.91513,correct comission
2023-09-11 20:32:24.090377,ct,,omission error
2023-09-11 20:32:24.421977,click,,
2023-09-11 20:32:24.868171,ct,0.3316,correct comission
2023-09-11 20:32:25.791736,click,,
2023-09-11 20:32:25.645363,ct,0.923565,correct comission
2023-09-11 20:32:26.578025,click,,
2023-09-11 20:32:26.423987,ct,0.932662,correct comission
2023-09-11 20:32:27.202389,ct,,omission error
2023-09-11 20:32:27.565778,click,,
2023-09-11 20:32:27.980518,ct,0.363389,correct comission
2023-09-11 20:32:28.785929,click,,
2023-09-11 20:32:28.758294,ct,0.805411,correct comission
2023-09-11 20:32:29.469432,click,,
2023-09-11 20:32:29.536277,ct,0.711138,correct comission
2023-09-11 20:32:30.190619,click,,
2023-09-11 20:32:30.314486,ct,0.654342,correct comission
2023-09-11 20:32:31.046760,click,,
2023-09-11 20:32:31.092636,ct,0.732274,correct comission
2023-09-11 20:32:31.865223,click,,
2023-09-11 20:32:31.868923,ct,0.772587,correct comission
2023-09-11 20:32:32.631203,click,,
2023-09-11 20:32:32.646015,mt,,comission error
2023-09-11 20:32:33.384157,click,,
2023-09-11 20:32:33.422396,mt,,comission error
2023-09-11 20:32:34.171067,click,,
2023-09-11 20:32:34.199628,ct,0.748671,correct comission
2023-09-11 20:32:34.977887,ct,,omission error
2023-09-11 20:32:35.845458,click,,
2023-09-11 20:32:35.755508,ct,0.867571,correct comission
2023-09-11 20:32:36.629410,click,,
2023-09-11 20:32:36.534339,ct,0.873902,correct comission
2023-09-11 20:32:37.498817,click,,
2023-09-11 20:32:37.311257,ct,0.964478,correct comission
2023-09-11 20:32:38.206003,click,,
2023-09-11 20:32:38.088178,ct,0.894746,correct comission
2023-09-11 20:32:38.861842,click,,
2023-09-11 20:32:38.866137,ct,0.773664,correct comission
2023-09-11 20:32:39.934717,click,,
2023-09-11 20:32:39.644552,ct,1.06858,correct comission
2023-09-11 20:32:40.605962,click,,
2023-09-11 20:32:40.423471,ct,0.96141,correct comission
2023-09-11 20:32:41.286926,click,,
2023-09-11 20:32:41.201610,ct,0.863455,correct comission
2023-09-11 20:32:42.184548,click,,
2023-09-11 20:32:41.978913,ct,0.982938,correct comission
2023-09-11 20:32:42.903095,click,,
2023-09-11 20:32:42.755837,ct,0.924182,correct comission
2023-09-11 20:32:43.528356,click,,
2023-09-11 20:32:43.531649,ct,0.772519,correct comission
2023-09-11 20:32:44.415346,click,,
2023-09-11 20:32:44.309017,ct,0.883697,correct comission
2023-09-11 20:32:45.059516,click,,
2023-09-11 20:32:45.086465,ct,0.750499,correct comission
2023-09-11 20:32:45.701061,click,,
2023-09-11 20:32:45.863283,ct,0.614596,correct comission
2023-09-11 20:32:46.532186,click,,
2023-09-11 20:32:46.640127,ct,0.668903,correct comission
2023-09-11 20:32:47.634426,click,,
2023-09-11 20:32:47.416180,mt,,comission error
2023-09-11 20:32:48.193204,ct,,omission error
2023-09-11 20:32:48.775728,click,,
2023-09-11 20:32:48.972676,ct,0.582524,correct comission
2023-09-11 20:32:49.957143,click,,
2023-09-11 20:32:49.749528,ct,0.984467,correct comission
2023-09-11 20:32:50.765470,click,,
2023-09-11 20:32:50.527419,ct,1.015942,correct comission
2023-09-11 20:32:51.309264,ct,,omission error
2023-09-11 20:32:51.665841,click,,
2023-09-11 20:32:52.088243,ct,0.356577,correct comission
2023-09-11 20:32:52.980604,click,,
2023-09-11 20:32:52.868982,ct,0.892361,correct comission
2023-09-11 20:32:53.602575,click,,
2023-09-11 20:32:53.648158,ct,0.733593,correct comission
2023-09-11 20:32:54.352639,click,,
2023-09-11 20:32:54.425604,ct,0.704481,correct comission
2023-09-11 20:32:55.124682,click,,
2023-09-11 20:32:55.206655,ct,0.699078,correct comission
2023-09-11 20:32:56.093032,click,,
2023-09-11 20:32:55.986696,mt,,comission error
2023-09-11 20:32:56.766403,ct,,omission error
2023-09-11 20:32:57.349594,click,,
2023-09-11 20:32:57.546305,ct,0.583191,correct comission
2023-09-11 20:32:58.262073,click,,
2023-09-11 20:32:58.325044,ct,0.715768,correct comission
2023-09-11 20:32:59.104852,click,,
2023-09-11 20:32:59.106060,ct,0.779808,correct comission
2023-09-11 20:32:59.928795,click,,
2023-09-11 20:32:59.884630,ct,0.822735,correct comission
2023-09-11 20:33:00.677003,click,,
2023-09-11 20:33:00.664423,ct,0.792373,correct comission
2023-09-11 20:33:01.558060,click,,
2023-09-11 20:33:01.441256,mt,,comission error
2023-09-11 20:33:02.242104,click,,
2023-09-11 20:33:02.220467,ct,0.800848,correct comission
2023-09-11 20:33:02.998970,ct,,omission error
2023-09-11 20:33:03.899352,click,,
2023-09-11 20:33:03.776634,ct,0.900382,correct comission
2023-09-11 20:33:04.559139,ct,,omission error
2023-09-11 20:33:05.117753,click,,
2023-09-11 20:33:05.337198,ct,0.558614,correct comission
2023-09-11 20:33:06.173483,click,,
2023-09-11 20:33:06.113884,ct,0.836285,correct comission
2023-09-11 20:33:07.087183,click,,
2023-09-11 20:33:06.892380,ct,0.973299,correct comission
2023-09-11 20:33:07.639119,click,,
2023-09-11 20:33:07.675068,ct,0.746739,correct comission
2023-09-11 20:33:08.454655,click,,
2023-09-11 20:33:08.456260,ct,0.779587,correct comission
2023-09-11 20:33:09.146079,click,,
2023-09-11 20:33:09.234500,ct,0.689819,correct comission
2023-09-11 20:33:09.883739,click,,
2023-09-11 20:33:10.013785,mt,,comission error
2023-09-11 20:33:10.930596,click,,
2023-09-11 20:33:10.790602,ct,0.916811,correct comission
2023-09-11 20:33:11.569940,ct,,omission error
2023-09-11 20:33:12.613131,click,,
2023-09-11 20:33:12.348197,ct,1.043191,correct comission
2023-09-11 20:33:13.250305,click,,
2023-09-11 20:33:13.125536,ct,0.902108,correct comission
2023-09-11 20:33:13.918279,click,,
2023-09-11 20:33:13.907204,ct,0.792743,correct comission
2023-09-11 20:33:14.965087,click,,
2023-09-11 20:33:14.684426,mt,,comission error
2023-09-11 20:33:15.462672,ct,,omission error
2023-09-11 20:33:16.264378,click,,
2023-09-11 20:33:16.242804,ct,0.801706,correct comission
2023-09-11 20:33:17.183107,click,,
2023-09-11 20:33:17.023463,ct,0.940303,correct comission
2023-09-11 20:33:17.789700,click,,
2023-09-11 20:33:17.803554,ct,0.766237,correct comission
2023-09-11 20:33:18.750687,click,,
2023-09-11 20:33:18.580980,ct,0.947133,correct comission
2023-09-11 20:33:19.359478,ct,,omission error
2023-09-11 20:33:19.692965,click,,
2023-09-11 20:33:20.138793,ct,0.333487,correct comission
2023-09-11 20:33:21.165316,click,,
2023-09-11 20:33:20.914722,ct,1.026523,correct comission
2023-09-11 20:33:21.856050,click,,
2023-09-11 20:33:21.692293,ct,0.941328,correct comission
2023-09-11 20:33:22.469041,click,,
2023-09-11 20:33:22.470623,ct,0.776748,correct comission
2023-09-11 20:33:23.195663,click,,
2023-09-11 20:33:23.250374,ct,0.72504,correct comission
2023-09-11 20:33:24.001039,click,,
2023-09-11 20:33:24.029775,ct,0.750665,correct comission
2023-09-11 20:33:24.969895,click,,
2023-09-11 20:33:24.809685,mt,,comission error
2023-09-11 20:33:25.590327,ct,,omission error
2023-09-11 20:33:26.277220,click,,
2023-09-11 20:33:26.370629,ct,0.686893,correct comission
2023-09-11 20:33:27.208853,click,,
2023-09-11 20:33:27.148434,ct,0.838224,correct comission
2023-09-11 20:33:27.941189,click,,
2023-09-11 20:33:27.924638,ct,0.792755,correct comission
2023-09-11 20:33:28.854289,click,,
2023-09-11 20:33:28.702969,mt,,comission error
2023-09-11 20:33:29.482270,ct,,omission error
2023-09-11 20:33:30.019337,click,,
2023-09-11 20:33:30.259051,ct,0.537067,correct comission
2023-09-11 20:33:31.036577,click,,
2023-09-11 20:33:31.036837,ct,0.777526,correct comission
2023-09-11 20:33:31.799790,click,,
2023-09-11 20:33:31.813744,ct,0.762953,correct comission
2023-09-11 20:33:32.697066,click,,
2023-09-11 20:33:32.591793,ct,0.883322,correct comission
2023-09-11 20:33:33.369175,ct,,omission error
2023-09-11 20:33:33.865696,click,,
2023-09-11 20:33:34.147274,ct,0.496521,correct comission
2023-09-11 20:33:34.979487,click,,
2023-09-11 20:33:34.926360,ct,0.832213,correct comission
2023-09-11 20:33:35.958283,click,,
2023-09-11 20:33:35.704878,ct,1.031923,correct comission
2023-09-11 20:33:36.461713,click,,
2023-09-11 20:33:36.482319,ct,0.756835,correct comission
2023-09-11 20:33:37.398414,click,,
2023-09-11 20:33:37.259487,mt,,comission error
2023-09-11 20:33:38.038581,ct,,omission error
2023-09-11 20:33:38.766652,click,,
2023-09-11 20:33:38.816902,ct,0.728071,correct comission
2023-09-11 20:33:39.509010,click,,
2023-09-11 20:33:39.594948,ct,0.692108,correct comission
2023-09-11 20:33:40.573460,click,,
2023-09-11 20:33:40.373898,ct,0.978512,correct comission
2023-09-11 20:33:41.152302,ct,,omission error
2023-09-11 20:33:41.636968,click,,
2023-09-11 20:33:41.929004,ct,0.484666,correct comission
2023-09-11 20:33:42.875338,click,,
2023-09-11 20:33:42.705880,ct,0.946334,correct comission
2023-09-11 20:33:43.537592,click,,
2023-09-11 20:33:43.482043,ct,0.831712,correct comission
2023-09-11 20:33:44.397873,click,,
2023-09-11 20:33:44.261049,ct,0.91583,correct comission
2023-09-11 20:33:45.033058,click,,
2023-09-11 20:33:45.038237,ct,0.772009,correct comission
2023-09-11 20:33:45.870081,click,,
2023-09-11 20:33:45.816949,ct,0.831844,correct comission
2023-09-11 20:33:46.772688,click,,
2023-09-11 20:33:46.593389,mt,,comission error
2023-09-11 20:33:47.372201,ct,,omission error
2023-09-11 20:33:48.001271,click,,
2023-09-11 20:33:48.149524,ct,0.62907,correct comission
2023-09-11 20:33:48.925373,click,,
2023-09-11 20:33:48.926736,ct,0.775849,correct comission
2023-09-11 20:33:49.726510,click,,
2023-09-11 20:33:49.704921,ct,0.799774,correct comission
2023-09-11 20:33:50.697007,click,,
2023-09-11 20:33:50.480659,ct,0.992086,correct comission
2023-09-11 20:33:51.396793,click,,
2023-09-11 20:33:51.260376,ct,0.916134,correct comission
2023-09-11 20:33:52.326875,click,,
2023-09-11 20:33:52.038101,ct,1.066499,correct comission
2023-09-11 20:33:52.854329,click,,
2023-09-11 20:33:52.817038,ct,0.816228,correct comission
2023-09-11 20:33:53.480454,click,,
2023-09-11 20:33:53.594364,ct,0.663416,correct comission
2023-09-11 20:33:54.236820,click,,
2023-09-11 20:33:54.373404,ct,0.642456,correct comission
2023-09-11 20:33:55.094331,click,,
2023-09-11 20:33:55.151023,ct,0.720927,correct comission
2023-09-11 20:33:55.951071,click,,
2023-09-11 20:33:55.929535,ct,0.800048,correct comission
2023-09-11 20:33:56.734570,click,,
2023-09-11 20:33:56.708755,ct,0.805035,correct comission
2023-09-11 20:33:57.494807,click,,
2023-09-11 20:33:57.487956,mt,,comission error
2023-09-11 20:33:58.267033,ct,,omission error
2023-09-11 20:33:58.981487,click,,
2023-09-11 20:33:59.044130,ct,0.714454,correct comission
2023-09-11 20:33:59.654055,click,,
2023-09-11 20:33:59.821099,ct,0.609925,correct comission
2023-09-11 20:34:00.533214,click,,
2023-09-11 20:34:00.600263,ct,0.712115,correct comission
2023-09-11 20:34:01.463062,click,,
2023-09-11 20:34:01.378991,ct,0.862799,correct comission
2023-09-11 20:34:02.126310,click,,
2023-09-11 20:34:02.158332,ct,0.747319,correct comission
2023-09-11 20:34:02.843019,click,,
2023-09-11 20:34:02.937341,ct,0.684687,correct comission
2023-09-11 20:34:03.606027,click,,
2023-09-11 20:34:03.714510,ct,0.668686,correct comission
2023-09-11 20:34:04.383100,click,,
2023-09-11 20:34:04.493817,mt,,comission error
2023-09-11 20:34:05.269867,click,,
2023-09-11 20:34:05.271460,ct,0.77605,correct comission
2023-09-11 20:34:05.996837,click,,
2023-09-11 20:34:06.048459,ct,0.725377,correct comission
2023-09-11 20:34:07.007084,click,,
2023-09-11 20:34:06.826338,ct,0.958625,correct comission
2023-09-11 20:34:07.607045,ct,,omission error
2023-09-11 20:34:08.213200,click,,
2023-09-11 20:34:08.385646,ct,0.606155,correct comission
2023-09-11 20:34:09.093444,click,,
2023-09-11 20:34:09.164927,ct,0.707798,correct comission
2023-09-11 20:34:09.868664,click,,
2023-09-11 20:34:09.944620,ct,0.703737,correct comission
2023-09-11 20:34:10.702603,click,,
2023-09-11 20:34:10.791657,ct,0.757983,correct comission
2023-09-11 20:34:11.484345,click,,
2023-09-11 20:34:11.573548,mt,,comission error
2023-09-11 20:34:12.320621,click,,
2023-09-11 20:34:12.356327,ct,0.747073,correct comission
2023-09-11 20:34:13.135682,ct,,omission error
2023-09-11 20:34:14.043107,click,,
2023-09-11 20:34:13.914718,ct,0.907425,correct comission
2023-09-11 20:34:14.705575,click,,
2023-09-11 20:34:14.694510,ct,0.790857,correct comission
2023-09-11 20:34:15.473238,click,,
2023-09-11 20:34:15.474794,ct,0.778728,correct comission
2023-09-11 20:34:16.271111,click,,
2023-09-11 20:34:16.253046,ct,0.796317,correct comission
2023-09-11 20:34:17.138877,click,,
2023-09-11 20:34:17.031991,ct,0.885831,correct comission
2023-09-11 20:34:17.823534,click,,
2023-09-11 20:34:17.811375,ct,0.791543,correct comission
2023-09-11 20:34:18.472149,click,,
2023-09-11 20:34:18.592583,ct,0.660774,correct comission
2023-09-11 20:34:19.338040,click,,
2023-09-11 20:34:19.373373,ct,0.745457,correct comission
2023-09-11 20:34:20.003609,click,,
2023-09-11 20:34:20.154472,ct,0.630236,correct comission
2023-09-11 20:34:20.967711,click,,
2023-09-11 20:34:20.935664,ct,0.813239,correct comission
2023-09-11 20:34:21.679223,click,,
2023-09-11 20:34:21.714132,mt,,comission error
2023-09-11 20:34:22.492414,ct,,omission error
2023-09-11 20:34:23.020420,click,,
2023-09-11 20:34:23.271913,ct,0.528006,correct comission
2023-09-11 20:34:23.964533,click,,
2023-09-11 20:34:24.053130,mt,,comission error
2023-09-11 20:34:24.566896,click,,
2023-09-11 20:34:24.829001,ct,0.513766,correct comission
2023-09-11 20:34:25.611665,ct,,omission error
2023-09-11 20:34:26.274918,click,,
2023-09-11 20:34:26.392750,ct,0.663253,correct comission
2023-09-11 20:34:27.158027,click,,
2023-09-11 20:34:27.172118,ct,0.765277,correct comission
2023-09-11 20:34:27.939585,click,,
2023-09-11 20:34:27.948797,ct,0.767467,correct comission
2023-09-11 20:34:28.798997,click,,
2023-09-11 20:34:28.729693,ct,0.8502,correct comission
2023-09-11 20:34:29.459055,click,,
2023-09-11 20:34:29.506942,ct,0.729362,correct comission
2023-09-11 20:34:30.254648,click,,
2023-09-11 20:34:30.284625,ct,0.747706,correct comission
2023-09-11 20:34:31.061230,ct,,omission error
2023-09-11 20:34:31.637900,click,,
2023-09-11 20:34:31.836234,ct,0.57667,correct comission
2023-09-11 20:34:32.405130,click,,
2023-09-11 20:34:32.613180,ct,0.568896,correct comission
2023-09-11 20:34:33.182868,click,,
2023-09-11 20:34:33.391327,ct,0.569688,correct comission
2023-09-11 20:34:34.108836,click,,
2023-09-11 20:34:34.171149,ct,0.717509,correct comission
2023-09-11 20:34:34.860812,click,,
2023-09-11 20:34:34.949679,ct,0.689663,correct comission
2023-09-11 20:34:35.564975,click,,
2023-09-11 20:34:35.726486,ct,0.615296,correct comission
2023-09-11 20:34:36.503361,click,,
2023-09-11 20:34:36.504326,ct,0.776875,correct comission
2023-09-11 20:34:37.365752,click,,
2023-09-11 20:34:37.282364,mt,,comission error
2023-09-11 20:34:38.064243,click,,
2023-09-11 20:34:38.057559,ct,0.781879,correct comission
2023-09-11 20:34:38.637504,click,,
2023-09-11 20:34:38.836165,mt,,comission error
2023-09-11 20:34:39.241509,click,,
2023-09-11 20:34:39.613465,ct,0.405344,correct comission
2023-09-11 20:34:40.341947,click,,
2023-09-11 20:34:40.390519,ct,0.728482,correct comission
2023-09-11 20:34:41.133860,click,,
2023-09-11 20:34:41.169070,ct,0.743341,correct comission
2023-09-11 20:34:41.867151,click,,
2023-09-11 20:34:41.946256,ct,0.698081,correct comission
2023-09-11 20:34:42.557120,click,,
2023-09-11 20:34:42.725184,ct,0.610864,correct comission
2023-09-11 20:34:43.485827,click,,
2023-09-11 20:34:43.504531,ct,0.760643,correct comission
2023-09-11 20:34:44.164756,click,,
2023-09-11 20:34:44.282711,ct,0.660225,correct comission
2023-09-11 20:34:45.030948,click,,
2023-09-11 20:34:45.059569,ct,0.748237,correct comission
2023-09-11 20:34:45.836848,click,,
2023-09-11 20:34:45.837931,ct,0.777279,correct comission
2023-09-11 20:34:46.486423,click,,
2023-09-11 20:34:46.616291,ct,0.648492,correct comission
2023-09-11 20:34:47.327854,click,,
2023-09-11 20:34:47.393828,ct,0.711563,correct comission
2023-09-11 20:34:48.103292,click,,
2023-09-11 20:34:48.170416,mt,,comission error
2023-09-11 20:34:48.948065,ct,,omission error
2023-09-11 20:34:49.649215,click,,
2023-09-11 20:34:49.727476,ct,0.70115,correct comission
2023-09-11 20:34:50.409801,click,,
2023-09-11 20:34:50.504227,ct,0.682325,correct comission
2023-09-11 20:34:51.068663,click,,
2023-09-11 20:34:51.282821,ct,0.564436,correct comission
2023-09-11 20:34:51.815559,click,,
2023-09-11 20:34:52.059286,ct,0.532738,correct comission
2023-09-11 20:34:52.764000,click,,
2023-09-11 20:34:52.835259,ct,0.704714,correct comission
2023-09-11 20:34:53.537157,click,,
2023-09-11 20:34:53.614115,ct,0.701898,correct comission
2023-09-11 20:34:54.317792,click,,
2023-09-11 20:34:54.391578,ct,0.703677,correct comission
2023-09-11 20:34:55.108973,click,,
2023-09-11 20:34:55.169560,ct,0.717395,correct comission
2023-09-11 20:34:55.706340,click,,
2023-09-11 20:34:55.946315,ct,0.53678,correct comission
2023-09-11 20:34:56.484865,click,,
2023-09-11 20:34:56.722917,ct,0.53855,correct comission
2023-09-11 20:34:57.460341,click,,
2023-09-11 20:34:57.500077,ct,0.737424,correct comission
2023-09-11 20:34:58.101325,click,,
2023-09-11 20:34:58.278112,mt,,comission error
2023-09-11 20:34:58.897035,click,,
2023-09-11 20:34:59.055574,ct,0.618923,correct comission
2023-09-11 20:34:59.834842,ct,,omission error
2023-09-11 20:35:00.257055,click,,
2023-09-11 20:35:00.612870,ct,0.422213,correct comission
2023-09-11 20:35:01.406926,click,,
2023-09-11 20:35:01.391569,ct,0.794056,correct comission
2023-09-11 20:35:02.081280,click,,
2023-09-11 20:35:02.170050,mt,,comission error
2023-09-11 20:35:02.679156,click,,
2023-09-11 20:35:02.945666,ct,0.509106,correct comission
2023-09-11 20:35:03.723376,ct,,omission error
2023-09-11 20:35:04.357600,click,,
2023-09-11 20:35:04.503155,ct,0.634224,correct comission
2023-09-11 20:35:05.312582,click,,
2023-09-11 20:35:05.280502,ct,0.809427,correct comission
2023-09-11 20:35:06.058801,ct,,omission error
2023-09-11 20:35:06.630209,click,,
2023-09-11 20:35:06.837010,ct,0.571408,correct comission
2023-09-11 20:35:07.468323,click,,
2023-09-11 20:35:07.614637,ct,0.631313,correct comission
2023-09-11 20:35:08.447325,click,,
2023-09-11 20:35:08.390766,ct,0.832688,correct comission
2023-09-11 20:35:09.167646,click,,
2023-09-11 20:35:09.168889,ct,0.77688,correct comission
2023-09-11 20:35:09.933944,click,,
2023-09-11 20:35:09.948115,ct,0.765055,correct comission
2023-09-11 20:35:10.748453,click,,
2023-09-11 20:35:10.726924,ct,0.800338,correct comission
2023-09-11 20:35:11.784919,click,,
2023-09-11 20:35:11.503055,ct,1.057995,correct comission
2023-09-11 20:35:12.369851,click,,
2023-09-11 20:35:12.283754,ct,0.866796,correct comission
2023-09-11 20:35:13.244594,click,,
2023-09-11 20:35:13.063977,ct,0.96084,correct comission
2023-09-11 20:35:14.102928,click,,
2023-09-11 20:35:13.842640,ct,1.038951,correct comission
2023-09-11 20:35:14.598988,click,,
2023-09-11 20:35:14.623920,mt,,comission error
2023-09-11 20:35:15.402457,ct,,omission error
2023-09-11 20:35:15.986856,click,,
2023-09-11 20:35:16.182080,ct,0.584399,correct comission
2023-09-11 20:35:16.946053,click,,
2023-09-11 20:35:16.960704,ct,0.763973,correct comission
2023-09-11 20:35:17.663419,click,,
2023-09-11 20:35:17.739789,ct,0.702715,correct comission
2023-09-11 20:35:18.256875,click,,
2023-09-11 20:35:18.520835,ct,0.517086,correct comission
2023-09-11 20:35:19.493129,click,,
2023-09-11 20:35:19.300867,ct,0.972294,correct comission
2023-09-11 20:35:20.077977,ct,,omission error
2023-09-11 20:35:20.756711,click,,
2023-09-11 20:35:20.855439,mt,,comission error
2023-09-11 20:35:21.600553,click,,
2023-09-11 20:35:21.632010,ct,0.745114,correct comission
2023-09-11 20:35:22.408603,ct,,omission error
2023-09-11 20:35:23.144204,click,,
2023-09-11 20:35:23.183167,ct,0.735601,correct comission
2023-09-11 20:35:24.019217,click,,
2023-09-11 20:35:23.959516,ct,0.83605,correct comission
2023-09-11 20:35:24.669877,click,,
2023-09-11 20:35:24.737864,ct,0.710361,correct comission
2023-09-11 20:35:25.438112,click,,
2023-09-11 20:35:25.515763,ct,0.700248,correct comission
2023-09-11 20:35:26.112882,click,,
2023-09-11 20:35:26.296731,ct,0.597119,correct comission
2023-09-11 20:35:27.176832,click,,
2023-09-11 20:35:27.073117,mt,,comission error
2023-09-11 20:35:27.850099,ct,,omission error
2023-09-11 20:35:28.570673,click,,
2023-09-11 20:35:28.626268,ct,0.720574,correct comission
2023-09-11 20:35:29.283890,click,,
2023-09-11 20:35:29.403440,ct,0.657622,correct comission
2023-09-11 20:35:29.933950,click,,
2023-09-11 20:35:30.182925,ct,0.53051,correct comission
2023-09-11 20:35:30.701414,click,,
2023-09-11 20:35:30.963204,ct,0.518489,correct comission
2023-09-11 20:35:32.053442,click,,
2023-09-11 20:35:31.740873,ct,1.090238,correct comission
2023-09-11 20:35:32.542542,click,,
2023-09-11 20:35:32.520114,ct,0.801669,correct comission
2023-09-11 20:35:33.235226,click,,
2023-09-11 20:35:33.300024,ct,0.715112,correct comission
2023-09-11 20:35:33.950884,click,,
2023-09-11 20:35:34.081377,mt,,comission error
2023-09-11 20:35:34.652755,click,,
2023-09-11 20:35:34.860904,ct,0.571378,correct comission
2023-09-11 20:35:35.639926,ct,,omission error
2023-09-11 20:35:36.389981,click,,
2023-09-11 20:35:36.416217,ct,0.750055,correct comission
2023-09-11 20:35:37.244967,click,,
2023-09-11 20:35:37.191504,ct,0.82875,correct comission
2023-09-11 20:35:38.072757,click,,
2023-09-11 20:35:37.966166,ct,0.881253,correct comission
2023-09-11 20:35:38.681090,click,,
2023-09-11 20:35:38.745755,ct,0.714924,correct comission
2023-09-11 20:35:39.581075,click,,
2023-09-11 20:35:39.525845,ct,0.83532,correct comission
2023-09-11 20:35:40.495882,click,,
2023-09-11 20:35:40.302395,ct,0.970037,correct comission
2023-09-11 20:35:41.111825,click,,
2023-09-11 20:35:41.079434,ct,0.80943,correct comission
2023-09-11 20:35:42.011030,click,,
2023-09-11 20:35:41.858165,mt,,comission error
2023-09-11 20:35:42.690065,click,,
2023-09-11 20:35:42.636806,ct,0.8319,correct comission
2023-09-11 20:35:43.413716,ct,,omission error
2023-09-11 20:35:44.115622,click,,
2023-09-11 20:35:44.190160,ct,0.701906,correct comission
2023-09-11 20:35:44.934564,click,,
2023-09-11 20:35:44.969362,ct,0.744404,correct comission
2023-09-11 20:35:45.822663,click,,
2023-09-11 20:35:45.747378,ct,0.853301,correct comission
2023-09-11 20:35:46.448935,click,,
2023-09-11 20:35:46.523444,ct,0.701557,correct comission
2023-09-11 20:35:47.493979,click,,
2023-09-11 20:35:47.300537,ct,0.970535,correct comission
2023-09-11 20:35:48.357556,click,,
2023-09-11 20:35:48.077831,ct,1.057019,correct comission
2023-09-11 20:35:48.856603,ct,,omission error
2023-09-11 20:35:49.701830,click,,
2023-09-11 20:35:49.637288,ct,0.845227,correct comission
2023-09-11 20:35:50.526990,click,,
2023-09-11 20:35:50.419424,ct,0.889702,correct comission
2023-09-11 20:35:51.272522,click,,
2023-09-11 20:35:51.197704,mt,,comission error
2023-09-11 20:35:51.976137,ct,,omission error
2023-09-11 20:35:52.593893,click,,
2023-09-11 20:35:52.756176,ct,0.617756,correct comission
2023-09-11 20:35:53.263402,click,,
2023-09-11 20:35:53.533292,ct,0.507226,correct comission
2023-09-11 20:35:54.073635,click,,
2023-09-11 20:35:54.313816,ct,0.540343,correct comission
2023-09-11 20:35:55.300901,click,,
2023-09-11 20:35:55.094952,ct,0.987085,correct comission
2023-09-11 20:35:56.144396,click,,
2023-09-11 20:35:55.874323,ct,1.049444,correct comission
2023-09-11 20:35:56.730160,click,,
2023-09-11 20:35:56.655000,ct,0.855837,correct comission
2023-09-11 20:35:57.457042,click,,
2023-09-11 20:35:57.435249,ct,0.802042,correct comission
2023-09-11 20:35:58.106342,click,,
2023-09-11 20:35:58.215843,ct,0.671093,correct comission
2023-09-11 20:35:58.766893,click,,
2023-09-11 20:35:58.996549,mt,,comission error
2023-09-11 20:35:59.709292,click,,
2023-09-11 20:35:59.776780,ct,0.712743,correct comission
2023-09-11 20:36:00.752703,click,,
2023-09-11 20:36:00.558585,ct,0.975923,correct comission
2023-09-11 20:36:01.379797,click,,
2023-09-11 20:36:01.336837,ct,0.821212,correct comission
2023-09-11 20:36:02.054630,click,,
2023-09-11 20:36:02.111926,ct,0.717793,correct comission
2023-09-11 20:36:03.100679,click,,
2023-09-11 20:36:02.889689,ct,0.988753,correct comission
2023-09-11 20:36:03.805385,click,,
2023-09-11 20:36:03.667070,ct,0.915696,correct comission
2023-09-11 20:36:04.445768,ct,,omission error
2023-09-11 20:36:04.889114,click,,
2023-09-11 20:36:05.224924,ct,0.443346,correct comission
2023-09-11 20:36:05.693060,click,,
2023-09-11 20:36:06.001465,ct,0.468136,correct comission
2023-09-11 20:36:06.573246,click,,
2023-09-11 20:36:06.779676,ct,0.571781,correct comission
2023-09-11 20:36:07.620347,click,,
2023-09-11 20:36:07.556566,ct,0.840671,correct comission
2023-09-11 20:36:08.335001,click,,
2023-09-11 20:36:08.336308,ct,0.778435,correct comission
2023-09-11 20:36:09.320597,click,,
2023-09-11 20:36:09.115226,ct,0.984289,correct comission
2023-09-11 20:36:09.858823,click,,
2023-09-11 20:36:09.894316,mt,,comission error
2023-09-11 20:36:10.671331,ct,,omission error
2023-09-11 20:36:11.340567,click,,
2023-09-11 20:36:11.449864,ct,0.669236,correct comission
2023-09-11 20:36:12.422755,click,,
2023-09-11 20:36:12.227718,ct,0.972891,correct comission
2023-09-11 20:36:13.030745,click,,
2023-09-11 20:36:13.005083,ct,0.803027,correct comission
2023-09-11 20:36:13.878700,click,,
2023-09-11 20:36:13.781930,ct,0.873617,correct comission
2023-09-11 20:36:14.548673,click,,
2023-09-11 20:36:14.562784,ct,0.766743,correct comission
2023-09-11 20:36:15.450374,click,,
2023-09-11 20:36:15.343850,mt,,comission error
2023-09-11 20:36:16.123358,ct,,omission error
2023-09-11 20:36:16.793296,click,,
2023-09-11 20:36:16.898687,ct,0.669938,correct comission
2023-09-11 20:36:17.545791,click,,
2023-09-11 20:36:17.676054,ct,0.647104,correct comission
2023-09-11 20:36:18.289062,click,,
2023-09-11 20:36:18.455464,ct,0.613008,correct comission
2023-09-11 20:36:19.124828,click,,
2023-09-11 20:36:19.234700,mt,,comission error
2023-09-11 20:36:20.014151,ct,,omission error
2023-09-11 20:36:20.589866,click,,
2023-09-11 20:36:20.791216,ct,0.575715,correct comission
2023-09-11 20:36:21.461036,click,,
2023-09-11 20:36:21.571196,ct,0.66982,correct comission
2023-09-11 20:36:22.276490,click,,
2023-09-11 20:36:22.352881,ct,0.705294,correct comission
2023-09-11 20:36:22.950084,click,,
2023-09-11 20:36:23.132850,ct,0.597203,correct comission
2023-09-11 20:36:23.693136,click,,
2023-09-11 20:36:23.910916,ct,0.560286,correct comission
2023-09-11 20:36:24.593770,click,,
2023-09-11 20:36:24.690490,ct,0.682854,correct comission
2023-09-11 20:36:25.362207,click,,
2023-09-11 20:36:25.470748,ct,0.671717,correct comission
2023-09-11 20:36:26.273455,click,,
2023-09-11 20:36:26.247171,ct,0.802707,correct comission
2023-09-11 20:36:27.046169,click,,
2023-09-11 20:36:27.024714,ct,0.798998,correct comission
2023-09-11 20:36:27.859926,click,,
2023-09-11 20:36:27.805549,ct,0.835212,correct comission
2023-09-11 20:36:28.673033,click,,
2023-09-11 20:36:28.587645,mt,,comission error
2023-09-11 20:36:29.486287,click,,
2023-09-11 20:36:29.368954,ct,0.898642,correct comission
2023-09-11 20:36:30.135383,click,,
2023-09-11 20:36:30.149278,ct,0.766429,correct comission
2023-09-11 20:36:30.721593,click,,
2023-09-11 20:36:30.929187,ct,0.572315,correct comission
2023-09-11 20:36:31.476435,click,,
2023-09-11 20:36:31.706463,ct,0.547248,correct comission
2023-09-11 20:36:32.322040,click,,
2023-09-11 20:36:32.483977,ct,0.615577,correct comission
2023-09-11 20:36:32.894530,click,,
2023-09-11 20:36:33.264291,ct,0.410553,correct comission
2023-09-11 20:36:34.097053,click,,
2023-09-11 20:36:34.043293,ct,0.832762,correct comission
2023-09-11 20:36:34.614487,click,,
2023-09-11 20:36:34.822687,ct,0.571194,correct comission
2023-09-11 20:36:35.588728,click,,
2023-09-11 20:36:35.602510,ct,0.766041,correct comission
2023-09-11 20:36:36.188536,click,,
2023-09-11 20:36:36.382085,ct,0.586026,correct comission
2023-09-11 20:36:36.878266,click,,
2023-09-11 20:36:37.161983,ct,0.496181,correct comission
2023-09-11 20:36:37.516484,click,,
2023-09-11 20:36:37.939469,ct,0.354501,correct comission
2023-09-11 20:36:38.621860,click,,
2023-09-11 20:36:38.719830,ct,0.682391,correct comission
2023-09-11 20:36:39.205591,click,,
2023-09-11 20:36:39.501743,ct,0.485761,correct comission
2023-09-11 20:36:40.119654,click,,
2023-09-11 20:36:40.282215,mt,,comission error
2023-09-11 20:36:40.898674,click,,
2023-09-11 20:36:41.060811,ct,0.616459,correct comission
2023-09-11 20:36:41.862590,click,,
2023-09-11 20:36:41.841150,ct,0.801779,correct comission
2023-09-11 20:36:42.621682,click,,
2023-09-11 20:36:42.622906,ct,0.780532,correct comission
2023-09-11 20:36:43.239405,click,,
2023-09-11 20:36:43.401726,ct,0.616499,correct comission
2023-09-11 20:36:44.104989,click,,
2023-09-11 20:36:44.182024,ct,0.703263,correct comission
2023-09-11 20:36:44.935658,click,,
2023-09-11 20:36:44.959793,ct,0.753634,correct comission
2023-09-11 20:36:45.783339,click,,
2023-09-11 20:36:45.740474,ct,0.823546,correct comission
2023-09-11 20:36:46.544728,click,,
2023-09-11 20:36:46.522716,ct,0.804254,correct comission
2023-09-11 20:36:47.232963,click,,
2023-09-11 20:36:47.300293,ct,0.710247,correct comission
2023-09-11 20:36:47.919162,click,,
2023-09-11 20:36:48.081022,mt,,comission error
2023-09-11 20:36:48.878554,click,,
2023-09-11 20:36:48.857309,ct,0.797532,correct comission
2023-09-11 20:36:49.918814,click,,
2023-09-11 20:36:49.637819,ct,1.061505,correct comission
2023-09-11 20:36:50.418750,ct,,omission error
2023-09-11 20:36:51.068396,click,,
2023-09-11 20:36:51.198187,ct,0.649646,correct comission
2023-09-11 20:36:52.126803,click,,
2023-09-11 20:36:51.974742,ct,0.928616,correct comission
2023-09-11 20:36:52.971618,click,,
2023-09-11 20:36:52.754826,ct,0.996876,correct comission
2023-09-11 20:36:53.651825,click,,
2023-09-11 20:36:53.534695,ct,0.896999,correct comission
2023-09-11 20:36:54.530514,click,,
2023-09-11 20:36:54.313601,ct,0.995819,correct comission
2023-09-11 20:36:55.320115,click,,
2023-09-11 20:36:55.093417,ct,1.006514,correct comission
2023-09-11 20:36:56.002030,click,,
2023-09-11 20:36:55.873141,mt,,comission error
2023-09-11 20:36:56.652698,ct,,omission error
2023-09-11 20:36:57.312410,click,,
2023-09-11 20:36:57.431667,ct,0.659712,correct comission
2023-09-11 20:36:58.298601,click,,
2023-09-11 20:36:58.212884,ct,0.866934,correct comission
2023-09-11 20:36:59.189345,click,,
2023-09-11 20:36:58.993722,mt,,comission error
2023-09-11 20:36:59.771443,ct,,omission error
2023-09-11 20:37:00.722393,click,,
2023-09-11 20:37:00.550226,ct,0.95095,correct comission
2023-09-11 20:37:01.329762,ct,,omission error
2023-09-11 20:37:02.141722,click,,
2023-09-11 20:37:02.108906,ct,0.81196,correct comission
2023-09-11 20:37:03.126303,click,,
2023-09-11 20:37:02.887552,ct,1.017397,correct comission
2023-09-11 20:37:03.668978,ct,,omission error
2023-09-11 20:37:04.112352,click,,
2023-09-11 20:37:04.447871,ct,0.443374,correct comission
2023-09-11 20:37:05.227112,ct,,omission error
2023-09-11 20:37:05.595114,click,,
2023-09-11 20:37:06.005269,ct,0.368002,correct comission
2023-09-11 20:37:06.785191,ct,,omission error
2023-09-11 20:37:07.564204,ct,,omission error
2023-09-11 20:37:08.277276,click,,
2023-09-11 20:37:08.345237,ct,0.713072,correct comission
2023-09-11 20:37:09.352787,click,,
2023-09-11 20:37:09.125279,ct,1.00755,correct comission
2023-09-11 20:37:09.906791,mt,,correct omission
2023-09-11 20:37:10.405542,click,,
2023-09-11 20:37:10.686379,ct,0.498751,correct comission
2023-09-11 20:37:11.451403,click,,
2023-09-11 20:37:11.465420,ct,0.765024,correct comission
2023-09-11 20:37:12.279148,click,,
2023-09-11 20:37:12.247037,ct,0.813728,correct comission
2023-09-11 20:37:13.222345,click,,
2023-09-11 20:37:13.027978,ct,0.975308,correct comission
2023-09-11 20:37:13.809086,ct,,omission error
2023-09-11 20:37:14.198518,click,,
2023-09-11 20:37:14.589365,ct,0.389432,correct comission
2023-09-11 20:37:15.367420,ct,,omission error
2023-09-11 20:37:15.995197,click,,
2023-09-11 20:37:16.147987,ct,0.627777,correct comission
2023-09-11 20:37:16.882482,click,,
2023-09-11 20:37:16.925910,ct,0.734495,correct comission
2023-09-11 20:37:17.597828,click,,
2023-09-11 20:37:17.706108,ct,0.671918,correct comission
2023-09-11 20:37:18.205002,click,,
2023-09-11 20:37:18.488055,ct,0.498894,correct comission
2023-09-11 20:37:19.149196,click,,
2023-09-11 20:37:19.268415,ct,0.661141,correct comission
2023-09-11 20:37:20.046244,mt,,correct omission
2023-09-11 20:37:20.725865,click,,
2023-09-11 20:37:20.824884,ct,0.679621,correct comission
2023-09-11 20:37:21.625056,click,,
2023-09-11 20:37:21.603681,ct,0.800172,correct comission
2023-09-11 20:37:22.545841,click,,
2023-09-11 20:37:22.384304,ct,0.94216,correct comission
2023-09-11 20:37:23.173812,click,,
2023-09-11 20:37:23.162973,ct,0.789508,correct comission
2023-09-11 20:37:23.790195,click,,
2023-09-11 20:37:23.944139,ct,0.627222,correct comission
2023-09-11 20:37:24.781135,click,,
2023-09-11 20:37:24.720355,ct,0.836996,correct comission
2023-09-11 20:37:25.497623,ct,,omission error
2023-09-11 20:37:26.067561,click,,
2023-09-11 20:37:26.276588,ct,0.569938,correct comission
2023-09-11 20:37:27.055886,ct,,omission error
2023-09-11 20:37:27.605947,click,,
2023-09-11 20:37:27.836389,ct,0.550061,correct comission
2023-09-11 20:37:28.322822,click,,
2023-09-11 20:37:28.616286,mt,,comission error
2023-09-11 20:37:29.394256,ct,,omission error
2023-09-11 20:37:29.932634,click,,
2023-09-11 20:37:30.173281,mt,,comission error
2023-09-11 20:37:30.548674,click,,
2023-09-11 20:37:30.953171,ct,0.375393,correct comission
2023-09-11 20:37:31.733589,ct,,omission error
2023-09-11 20:37:32.718298,click,,
2023-09-11 20:37:32.513596,ct,0.984709,correct comission
2023-09-11 20:37:33.290686,ct,,omission error
2023-09-11 20:37:33.724077,click,,
2023-09-11 20:37:34.070952,ct,0.433391,correct comission
2023-09-11 20:37:34.670242,click,,
2023-09-11 20:37:34.847935,ct,0.59929,correct comission
2023-09-11 20:37:35.592534,click,,
2023-09-11 20:37:35.625922,ct,0.744599,correct comission
2023-09-11 20:37:36.358197,click,,
2023-09-11 20:37:36.404196,ct,0.732275,correct comission
2023-09-11 20:37:37.185098,ct,,omission error
2023-09-11 20:37:37.872298,click,,
2023-09-11 20:37:37.965426,ct,0.6872,correct comission
2023-09-11 20:37:38.719073,click,,
2023-09-11 20:37:38.743702,ct,0.753647,correct comission
2023-09-11 20:37:39.701833,click,,
2023-09-11 20:37:39.522578,ct,0.958131,correct comission
2023-09-11 20:37:40.558299,click,,
2023-09-11 20:37:40.300303,mt,,comission error
2023-09-11 20:37:41.273011,click,,
2023-09-11 20:37:41.079375,ct,0.972708,correct comission
2023-09-11 20:37:41.900751,click,,
2023-09-11 20:37:41.857992,ct,0.821376,correct comission
2023-09-11 20:37:42.390632,click,,
2023-09-11 20:37:42.634648,ct,0.53264,correct comission
2023-09-11 20:37:43.413233,ct,,omission error
2023-09-11 20:37:44.192355,ct,,omission error
2023-09-11 20:37:44.972699,ct,,omission error
2023-09-11 20:37:45.752512,ct,,omission error
2023-09-11 20:37:46.207106,click,,
2023-09-11 20:37:46.530595,ct,0.454594,correct comission
2023-09-11 20:37:47.308035,ct,,omission error
2023-09-11 20:37:48.088087,ct,,omission error
2023-09-11 20:37:48.866527,ct,,omission error
2023-09-11 20:37:49.765579,click,,
2023-09-11 20:37:49.645838,ct,0.899052,correct comission
2023-09-11 20:37:50.656243,click,,
2023-09-11 20:37:50.424158,ct,1.010405,correct comission
2023-09-11 20:37:51.387364,click,,
2023-09-11 20:37:51.200403,mt,,comission error
2023-09-11 20:37:51.977397,ct,,omission error
2023-09-11 20:37:52.733350,click,,
2023-09-11 20:37:52.757512,ct,0.755953,correct comission
2023-09-11 20:37:53.536847,ct,,omission error
2023-09-11 20:37:54.174185,click,,
2023-09-11 20:37:54.315439,ct,0.637338,correct comission
2023-09-11 20:37:55.148495,click,,
2023-09-11 20:37:55.094715,ct,0.833056,correct comission
2023-09-11 20:37:55.938260,click,,
2023-09-11 20:37:55.874239,ct,0.843545,correct comission
2023-09-11 20:37:56.789292,click,,
2023-09-11 20:37:56.653247,ct,0.915053,correct comission
2023-09-11 20:37:57.431381,mt,,correct omission
2023-09-11 20:37:58.211869,ct,,omission error
2023-09-11 20:37:58.990837,ct,,omission error
2023-09-11 20:37:59.392116,click,,
2023-09-11 20:37:59.770523,ct,0.401279,correct comission
2023-09-11 20:38:00.299734,click,,
2023-09-11 20:38:00.550924,ct,0.529211,correct comission
2023-09-11 20:38:01.621051,click,,
2023-09-11 20:38:01.329375,ct,1.070127,correct comission
2023-09-11 20:38:02.108404,ct,,omission error
2023-09-11 20:38:02.574247,click,,
2023-09-11 20:38:02.890408,ct,0.465843,correct comission
2023-09-11 20:38:03.509724,click,,
2023-09-11 20:38:03.671826,ct,0.619316,correct comission
2023-09-11 20:38:04.508935,click,,
2023-09-11 20:38:04.455167,mt,,comission error
2023-09-11 20:38:05.236046,ct,,omission error
2023-09-11 20:38:05.669325,click,,
2023-09-11 20:38:06.016522,ct,0.433279,correct comission
2023-09-11 20:38:06.794003,ct,,omission error
2023-09-11 20:38:07.570703,ct,,omission error
2023-09-11 20:38:08.348297,mt,,correct omission
2023-09-11 20:38:08.692305,click,,
2023-09-11 20:38:09.125430,ct,0.344008,correct comission
2023-09-11 20:38:09.861345,click,,
2023-09-11 20:38:09.904622,ct,0.735915,correct comission
2023-09-11 20:38:10.684919,ct,,omission error
2023-09-11 20:38:11.461557,ct,,omission error
2023-09-11 20:38:12.239959,ct,,omission error
2023-09-11 20:38:13.308687,click,,
2023-09-11 20:38:13.016292,ct,1.068728,correct comission
2023-09-11 20:38:13.795885,ct,,omission error
2023-09-11 20:38:14.230798,click,,
2023-09-11 20:38:14.577410,ct,0.434913,correct comission
2023-09-11 20:38:15.628212,click,,
2023-09-11 20:38:15.356993,ct,1.050802,correct comission
2023-09-11 20:38:16.138000,ct,,omission error
2023-09-11 20:38:16.973217,click,,
2023-09-11 20:38:16.919573,ct,0.835217,correct comission
2023-09-11 20:38:17.741973,click,,
2023-09-11 20:38:17.698758,ct,0.8224,correct comission
2023-09-11 20:38:18.662010,click,,
2023-09-11 20:38:18.479142,ct,0.963252,correct comission
2023-09-11 20:38:19.257760,ct,,omission error
2023-09-11 20:38:19.875968,click,,
2023-09-11 20:38:20.038738,mt,,comission error
2023-09-11 20:38:20.817722,ct,,omission error
2023-09-11 20:38:21.497697,click,,
2023-09-11 20:38:21.596825,ct,0.679975,correct comission
2023-09-11 20:38:22.377300,ct,,omission error
2023-09-11 20:38:23.303546,click,,
2023-09-11 20:38:23.154763,ct,0.926246,correct comission
2023-09-11 20:38:23.934858,ct,,omission error
2023-09-11 20:38:24.678340,click,,
2023-09-11 20:38:24.713125,ct,0.743482,correct comission
2023-09-11 20:38:25.467153,click,,
2023-09-11 20:38:25.491505,ct,0.754028,correct comission
2023-09-11 20:38:26.269049,ct,,omission error
2023-09-11 20:38:26.754374,click,,
2023-09-11 20:38:27.048478,ct,0.485325,correct comission
2023-09-11 20:38:28.059784,click,,
2023-09-11 20:38:27.827115,ct,1.011306,correct comission
2023-09-11 20:38:28.605075,ct,,omission error
2023-09-11 20:38:29.646309,click,,
2023-09-11 20:38:29.386408,ct,1.041234,correct comission
2023-09-11 20:38:30.167255,mt,,correct omission
2023-09-11 20:38:30.837505,click,,
2023-09-11 20:38:30.947550,ct,0.67025,correct comission
2023-09-11 20:38:31.758477,click,,
2023-09-11 20:38:31.726354,ct,0.810927,correct comission
2023-09-11 20:38:32.697026,click,,
2023-09-11 20:38:32.502153,mt,,comission error
2023-09-11 20:38:33.282973,ct,,omission error
2023-09-11 20:38:33.790609,click,,
2023-09-11 20:38:34.063186,ct,0.507636,correct comission
2023-09-11 20:38:34.646810,click,,
2023-09-11 20:38:34.843947,ct,0.583624,correct comission
2023-09-11 20:38:35.493494,click,,
2023-09-11 20:38:35.625457,ct,0.649547,correct comission
2023-09-11 20:38:36.296446,click,,
2023-09-11 20:38:36.405461,ct,0.670989,correct comission
2023-09-11 20:38:37.062341,click,,
2023-09-11 20:38:37.183208,ct,0.65688,correct comission
2023-09-11 20:38:38.026385,click,,
2023-09-11 20:38:37.962196,ct,0.843177,correct comission
2023-09-11 20:38:38.767773,click,,
2023-09-11 20:38:38.740094,ct,0.805577,correct comission
2023-09-11 20:38:39.574576,click,,
2023-09-11 20:38:39.519983,ct,0.834482,correct comission
2023-09-11 20:38:40.284470,click,,
2023-09-11 20:38:40.298665,ct,0.764487,correct comission
2023-09-11 20:38:40.969133,click,,
2023-09-11 20:38:41.078415,ct,0.670468,correct comission
2023-09-11 20:38:41.484749,click,,
2023-09-11 20:38:41.854682,ct,0.406334,correct comission
2023-09-11 20:38:42.631132,ct,,omission error
2023-09-11 20:38:43.296475,click,,
2023-09-11 20:38:43.405739,ct,0.665343,correct comission
2023-09-11 20:38:44.182730,ct,,omission error
2023-09-11 20:38:44.775970,click,,
2023-09-11 20:38:44.958824,ct,0.59324,correct comission
2023-09-11 20:38:45.770979,click,,
2023-09-11 20:38:45.738226,mt,,comission error
2023-09-11 20:38:46.515537,ct,,omission error
2023-09-11 20:38:47.357526,click,,
2023-09-11 20:38:47.293697,ct,0.841989,correct comission
2023-09-11 20:38:48.322121,click,,
2023-09-11 20:38:48.072216,ct,1.028424,correct comission
2023-09-11 20:38:48.853948,ct,,omission error
2023-09-11 20:38:49.287005,click,,
2023-09-11 20:38:49.633520,mt,,comission error
2023-09-11 20:38:50.389765,click,,
2023-09-11 20:38:50.414167,ct,0.756245,correct comission
2023-09-11 20:38:51.090235,click,,
2023-09-11 20:38:51.193276,ct,0.676068,correct comission
2023-09-11 20:38:51.980993,click,,
2023-09-11 20:38:51.969872,ct,0.787717,correct comission
2023-09-11 20:38:52.886642,click,,
2023-09-11 20:38:52.748298,ct,0.91677,correct comission
2023-09-11 20:38:53.591873,click,,
2023-09-11 20:38:53.528312,ct,0.843575,correct comission
2023-09-11 20:38:54.288267,click,,
2023-09-11 20:38:54.306080,ct,0.759955,correct comission
2023-09-11 20:38:55.039670,click,,
2023-09-11 20:38:55.085936,ct,0.73359,correct comission
2023-09-11 20:38:55.866256,mt,,correct omission
2023-09-11 20:38:56.495133,click,,
2023-09-11 20:38:56.648189,ct,0.628877,correct comission
2023-09-11 20:38:57.427727,ct,,omission error
2023-09-11 20:38:58.132818,click,,
2023-09-11 20:38:58.208021,ct,0.705091,correct comission
2023-09-11 20:38:59.116794,click,,
2023-09-11 20:38:58.988951,ct,0.908773,correct comission
2023-09-11 20:38:59.773064,ct,,omission error
2023-09-11 20:39:00.292161,click,,
2023-09-11 20:39:00.552601,ct,0.519097,correct comission
2023-09-11 20:39:01.519077,click,,
2023-09-11 20:39:01.335271,ct,0.966476,correct comission
2023-09-11 20:39:02.190897,click,,
2023-09-11 20:39:02.116341,ct,0.855626,correct comission
2023-09-11 20:39:02.898338,ct,,omission error
2023-09-11 20:39:03.416753,click,,
2023-09-11 20:39:03.678434,ct,0.518415,correct comission
2023-09-11 20:39:04.472010,click,,
2023-09-11 20:39:04.460848,ct,0.793576,correct comission
2023-09-11 20:39:05.244241,ct,,omission error
2023-09-11 20:39:06.142965,click,,
2023-09-11 20:39:06.025182,mt,,comission error
2023-09-11 20:39:06.759535,click,,
2023-09-11 20:39:06.805995,ct,0.734353,correct comission
2023-09-11 20:39:07.445400,click,,
2023-09-11 20:39:07.586893,ct,0.639405,correct comission
2023-09-11 20:39:08.128658,click,,
2023-09-11 20:39:08.367793,ct,0.541765,correct comission
2023-09-11 20:39:08.908738,click,,
2023-09-11 20:39:09.149876,ct,0.540945,correct comission
2023-09-11 20:39:09.604954,click,,
2023-09-11 20:39:09.931453,ct,0.455078,correct comission
2023-09-11 20:39:10.450573,click,,
